<?xml version="1.0" encoding="UTF-8"?>
<!DOCTYPE hibernate-configuration PUBLIC
"-//Hibernate/Hibernate Configuration DTD//EN"
"http://hibernate.sourceforge.net/hibernate-configuration-3.0.dtd">

<hibernate-configuration>
<session-factory>
      <property name="hibernate.connection.driver_class">com.mysql.jdbc.Driver</property>
      <property name="hibernate.connection.url">jdbc:mysql://localhost:3306/cognizantdb</property>
      <property name="hibernate.connection.username">root</property>
      <property name="hibernate.connection.password">root</property>
      <property name="hibernate.connection.pool_size">10</property>
      <property name="show_sql">true</property>
      <property name="dialect">org.hibernate.dialect.MySQLDialect</property>
      <property name="hibernate.hbm2ddl.auto">update</property>
      <!-- Mapping files -->
    
 <mapping class="com.cog.entites.Customer"/>
 <mapping class="com.cog.entites.Address"/>
 <mapping class="com.cog.entites.Author"/>
 <mapping class="com.cog.entites.Book"/>
 <mapping class="com.cog.entites.Players"/>
 <mapping class="com.cog.entites.Team"/>
 <mapping class="com.cog.entites.Cources"/>
 <mapping class="com.cog.entites.Traini"/>
 <mapping class="com.cog.entites.Room"/>
 <mapping class="com.cog.entites.Event"/>
    
</session-factory>
</hibernate-configuration>
